Filename,Size,Unit
Chuck Missler - Alien Encounters (1997)/Alien Encounters 01.mp3,16.36,M
Chuck Missler - Alien Encounters (1997)/Alien Encounters 02.mp3,16.32,M
Chuck Missler - Alien Encounters (1997)/Alien Encounters 03.mp3,15.7,M
Chuck Missler - Alien Encounters (1997)/Alien Encounters 04.mp3,15.84,M
Chuck Missler - Alien Encounters (1997)/Alien Encounters 05.mp3,18.18,M
Chuck Missler - Alien Encounters (1997)/Alien Encounters 06.mp3,24.37,M
Chuck Missler - An Extraterrestial Message (1996)/An Extraterrestial Message 01.mp3,21.9,M
Chuck Missler - An Extraterrestial Message (1996)/An Extraterrestial Message 02.mp3,28.24,M
Chuck Missler - An Extraterrestial Message (1996)/An Extraterrestial Message.pdf,244.52,K
Chuck Missler - Kings of the East (2006)/Kings of The East 01.mp3,17.94,M
Chuck Missler - Kings of the East (2006)/Kings of The East 02.mp3,15.9,M
Chuck Missler - Kings of the East (2006)/Kings of The East Notes.pdf,196.63,K
Chuck Missler - Kings of the East (2006)/Kings of The East PDA Notes.pdf,888.46,K
Chuck Missler - Rapture (2002)/The Rapture 01.mp3,15.3,M
Chuck Missler - Rapture (2002)/The Rapture 02.mp3,23.23,M
Chuck Missler - Rapture (2002)/The Rapture.pdf,205.35,K
The Truth Behind UFOs Over Phoenix/the.truth.behind.ufos.over.phoenix.hdtv.xvid-fqm/the.truth.behind.ufos.over.phoenix.hdtv.xvid-fqm.avi,350.07,M
The Truth Behind UFOs Over Phoenix/the.truth.behind.ufos.over.phoenix.hdtv.xvid-fqm.nfo,9.36,K
"UFO - Balloons over St Paul - August 10th, 2010/Coast to Coast - Aug 14 2010 - Hour 1.mp3",13.77,M
"UFO - Balloons over St Paul - August 10th, 2010/Raw Video- Unidentified Flying Object Spotted In Twin Cities - KSTP TV - Minneapolis and St. Paul.flv",65.61,M
"UFO - Balloons over St Paul - August 10th, 2010/UFO - Balloons over St Paul.txt",2.99,K
"UFO - Balloons over St Paul - August 10th, 2010/YouTube - TV News Crew Capture UFO - St. Paul Minnesota August 10_ 2010.flv",9.06,M
"UFO Photographs Amazing Collection (www.freewallpapers2.blogspot.com)/1870-1939/April, 1929  -  Ward, Colorado, USA.jpg",55.32,K
"UFO Photographs Amazing Collection (www.freewallpapers2.blogspot.com)/1870-1939/January 1, 1939  -  Organ Cave, West Virginia, USA.jpg",41.35,K
"UFO Photographs Amazing Collection (www.freewallpapers2.blogspot.com)/1870-1939/Summer, 1932  -  St.jpg",28.07,K
"UFO Photographs Amazing Collection (www.freewallpapers2.blogspot.com)/1940's/1942  -  Tiensten, Hopeh Province, China.jpg",37.2,K
"UFO Photographs Amazing Collection (www.freewallpapers2.blogspot.com)/1940's/1943  -  Japanese Sea, Japan.jpg",38.98,K
"UFO Photographs Amazing Collection (www.freewallpapers2.blogspot.com)/1940's/1948  -  Anchorage, Alaska.jpg",58.54,K
UFO Photographs Amazing Collection (www.freewallpapers2.blogspot.com)/1950's/1952  -  Over North Korea.jpg,59.62,K
"UFO Photographs Amazing Collection (www.freewallpapers2.blogspot.com)/1950's/1952  -  Washington, D.C.jpg",48.06,K
"UFO Photographs Amazing Collection (www.freewallpapers2.blogspot.com)/1950's/August 27, 1956  -  McCleod, Alberta, Canada.jpg",64.25,K
"UFO Photographs Amazing Collection (www.freewallpapers2.blogspot.com)/1950's/August 31, 1951  -  Lubbock, Texas, USA.jpg",28.49,K
"UFO Photographs Amazing Collection (www.freewallpapers2.blogspot.com)/1950's/December 10, 1954  -  Sicily, Italy.jpg",81.82,K
"UFO Photographs Amazing Collection (www.freewallpapers2.blogspot.com)/1950's/July 18, 1952  -  Lac Chauvet, France.jpg",71.07,K
"UFO Photographs Amazing Collection (www.freewallpapers2.blogspot.com)/1950's/July 19, 1952  -  Puerto Maldonado, Peru.jpg",65.5,K
"UFO Photographs Amazing Collection (www.freewallpapers2.blogspot.com)/1950's/July 31, 1952  -  Passoria, New Jersey, USA.jpg",88.17,K
"UFO Photographs Amazing Collection (www.freewallpapers2.blogspot.com)/1960's/February 13, 1968  -  Venezuela.jpg",55.66,K
"UFO Photographs Amazing Collection (www.freewallpapers2.blogspot.com)/1960's/February 6, 1967  -  Zanesville, Ohio, USA.jpg",85.76,K
"UFO Photographs Amazing Collection (www.freewallpapers2.blogspot.com)/1960's/March 1967  -  Huaylas Valley, near Yungay, Peru.jpg",55.1,K
"UFO Photographs Amazing Collection (www.freewallpapers2.blogspot.com)/1960's/March 24, 1966  -  Dexter, Michigan, USA.jpg",51.03,K
"UFO Photographs Amazing Collection (www.freewallpapers2.blogspot.com)/1960's/March, 1967  -  Yungay, Peru.jpg",59.62,K
"UFO Photographs Amazing Collection (www.freewallpapers2.blogspot.com)/1960's/November 13, 1966  -  Zanesville, Ohio, USA.jpg",86.99,K
"UFO Photographs Amazing Collection (www.freewallpapers2.blogspot.com)/1960's/November 9, 1965  -  Manhattan, New York, USA.jpg",67.51,K
"UFO Photographs Amazing Collection (www.freewallpapers2.blogspot.com)/1960's/October 22, 1967  -  Milledgeville, Georgia, USA.jpg",65.87,K
"UFO Photographs Amazing Collection (www.freewallpapers2.blogspot.com)/1960's/September 26, 1960  -  Italy.jpg",61.8,K
"UFO Photographs Amazing Collection (www.freewallpapers2.blogspot.com)/1960's/Summer, 1965  -  Adelaide, Australia.jpg",70.34,K
"UFO Photographs Amazing Collection (www.freewallpapers2.blogspot.com)/1970's/April 25, 1974  -  Hawaii, USA.jpg",90.53,K
"UFO Photographs Amazing Collection (www.freewallpapers2.blogspot.com)/1970's/April 9, 1976  -  Nagoya City, Japan.jpg",29.99,K
"UFO Photographs Amazing Collection (www.freewallpapers2.blogspot.com)/1970's/Belotic, Yugoslavia.jpg",52.44,K
"UFO Photographs Amazing Collection (www.freewallpapers2.blogspot.com)/1970's/December 27, 1978  -  Ranelagh, Argentina.jpg",46.47,K
"UFO Photographs Amazing Collection (www.freewallpapers2.blogspot.com)/1970's/February 1975  -  Nanaimo, British Columbia, Canada.jpg",58.67,K
"UFO Photographs Amazing Collection (www.freewallpapers2.blogspot.com)/1970's/February 1979  -  Santa Monica, California.jpg",62.99,K
"UFO Photographs Amazing Collection (www.freewallpapers2.blogspot.com)/1970's/March 23, 1974  -  France.jpg",57.96,K
"UFO Photographs Amazing Collection (www.freewallpapers2.blogspot.com)/1970's/March 27, 1973  -  Genoa Sestri, Italy.jpg",63.65,K
"UFO Photographs Amazing Collection (www.freewallpapers2.blogspot.com)/1990's/April 9, 1992  -  Battipaglia, Salerno, Italy.jpg",42.95,K
"UFO Photographs Amazing Collection (www.freewallpapers2.blogspot.com)/1990's/April, 1990  -  Yaroslavl, Russia.jpg",37.57,K
"UFO Photographs Amazing Collection (www.freewallpapers2.blogspot.com)/1990's/April, 1991  -  Orbit around Earth, NASA Space Shuttle Mission STS-37.jpg",23.44,K
"UFO Photographs Amazing Collection (www.freewallpapers2.blogspot.com)/1990's/December 8th, 1992  -  Puebla, Mexico.jpg",44,K
"UFO Photographs Amazing Collection (www.freewallpapers2.blogspot.com)/1990's/January 1996  -  Denver, Colorado, USA.jpg",67.96,K
"UFO Photographs Amazing Collection (www.freewallpapers2.blogspot.com)/1990's/January, 1990  -  Canaima, Venezuela.jpg",21.55,K
"UFO Photographs Amazing Collection (www.freewallpapers2.blogspot.com)/1990's/January, 1995  -  Anza-Borrego Desert, CA, USA.jpg",35.95,K
"UFO Photographs Amazing Collection (www.freewallpapers2.blogspot.com)/1990's/July 23, 1995  -  Leon, Guanajuato, Mexico.jpg",51.01,K
"UFO Photographs Amazing Collection (www.freewallpapers2.blogspot.com)/1990's/July 6, 1996  -  Armagosa Range, California, USA.jpg",68.72,K
"UFO Photographs Amazing Collection (www.freewallpapers2.blogspot.com)/2000-2008/2002  -  Bedhampton, England, United Kingdom.jpg",45.61,K
"UFO Photographs Amazing Collection (www.freewallpapers2.blogspot.com)/2000-2008/2003  -  Nijverdal, the Netherlands.jpg",29.27,K
UFO Photographs Amazing Collection (www.freewallpapers2.blogspot.com)/2000-2008/2003  -  St.jpg,68.32,K
"UFO Photographs Amazing Collection (www.freewallpapers2.blogspot.com)/2000-2008/April 8, 2004  -  20 miles south of Roanoke, Virginia, USA.jpg",34.43,K
"UFO Photographs Amazing Collection (www.freewallpapers2.blogspot.com)/2000-2008/August 16, 2002  -  Carolina Beach, NC, USA.jpg",42.82,K
"UFO Photographs Amazing Collection (www.freewallpapers2.blogspot.com)/2000-2008/August 20, 2001, ca. 3.jpg",34.39,K
"UFO Photographs Amazing Collection (www.freewallpapers2.blogspot.com)/2000-2008/January 4, 2004  -  Tasmania, Australia.jpg",67.61,K
"UFO Photographs Amazing Collection (www.freewallpapers2.blogspot.com)/2000-2008/January 8, 2003  -  unknown.jpg",21.96,K
"UFO Photographs Amazing Collection (www.freewallpapers2.blogspot.com)/2000-2008/July 20, 2005  -  Cockaponset State Forest, CT, USA.jpg",53.43,K
"UFO Photographs Amazing Collection (www.freewallpapers2.blogspot.com)/2000-2008/July 26, 2003  -  Brzostek, Poland.jpg",42.71,K
"UFO Photographs Amazing Collection (www.freewallpapers2.blogspot.com)/2000-2008/July 8, 2005  -  Kamloops, British Columbia, Canada.jpg",100.44,K
"UFO Photographs Amazing Collection (www.freewallpapers2.blogspot.com)/2000-2008/July, 2005  -  Pyramids at Giza, Egypt.jpg",54.15,K
"UFO Photographs Amazing Collection (www.freewallpapers2.blogspot.com)/2000-2008/March, 2004  -  Over Campeche state, Mexico.jpg",37.92,K
"UFO Photographs Amazing Collection (www.freewallpapers2.blogspot.com)/2000-2008/May 15, 2005  -  Carolina, Puerto Rico.jpg",44.62,K
"UFO Photographs Amazing Collection (www.freewallpapers2.blogspot.com)/2000-2008/October 10, 2004  -  Litchfield, Connecticut, USA.jpg",50.96,K
"UFO Photographs Amazing Collection (www.freewallpapers2.blogspot.com)/2000-2008/October 13, 2004  -  Oceanside, Oregon, USA.jpg",44.42,K
"UFO Photographs Amazing Collection (www.freewallpapers2.blogspot.com)/2000-2008/October 30, 2000  -  Bellevue, WA, USA.jpg",50.85,K
"UFO Photographs Amazing Collection (www.freewallpapers2.blogspot.com)/2000-2008/October 8, 2003  -  USA.jpg",17.89,K
"UFO Photographs Amazing Collection (www.freewallpapers2.blogspot.com)/2000-2008/September 11, 2002  -  Eastern United States.jpg",50.79,K
"UFO Photographs Amazing Collection (www.freewallpapers2.blogspot.com)/2000-2008/September 5, 2003  -  Goodwood, West Sussex, United Kingdom.jpg",21.63,K
"UFO Photographs Amazing Collection (www.freewallpapers2.blogspot.com)/2000-2008/September 7, 2004  -  Zion National Park, Utah, USA.jpg",43.56,K
"UFO Photographs Amazing Collection (www.freewallpapers2.blogspot.com)/2000-2008/Summer, 2003  -  Trout Lake, Washington, USA.jpg",44.53,K
"UFO Photographs Amazing Collection (www.freewallpapers2.blogspot.com)/copy of 1950's/November 2, 1954  -  Malaga, Spain.jpg",26.76,K
"UFO Photographs Amazing Collection (www.freewallpapers2.blogspot.com)/copy of 1950's/November 23, 1951  -  Riverside, California, USA.jpg",66.32,K
UFO Photographs Amazing Collection (www.freewallpapers2.blogspot.com)/Without date/Unknown-2.jpg,46.5,K
UFO Photographs Amazing Collection (www.freewallpapers2.blogspot.com)/Without date/Unknown-3.jpg,82.95,K
"UFOs- Generals, Pilots & Government Officials Go On the Record/Leslie Kean on Dreamland - September 11th 2010/Dreamland with Whitley Strieber.jpg",36.2,K
"UFOs- Generals, Pilots & Government Officials Go On the Record/Leslie Kean on Dreamland - September 11th 2010/Leslie Kean - UFOs on the Record - dreamland_09_11_10.mp3",10.22,M
"UFOs- Generals, Pilots & Government Officials Go On the Record/Leslie Kean on Dreamland - September 11th 2010/Leslie Kean - UFOs on the Record - dreamland_09_11_10.nfo",2.88,K
"UFOs- Generals, Pilots & Government Officials Go On the Record/Leslie Kean on Dreamland - September 11th 2010/Leslie Kean and the Media--Behind the Scenes.mp3",6.65,M
"UFOs- Generals, Pilots & Government Officials Go On the Record/Leslie Kean - UFOs- Generals, Pilots & Government Officials Go On the Record.jpg",1.27,M
"UFOs- Generals, Pilots & Government Officials Go On the Record/Leslie Kean - UFOs- Generals, Pilots & Government Officials Go On the Record.nfo",10.95,K
"UFOs- Generals, Pilots & Government Officials Go On the Record/Leslie Kean - UFOs- Generals, Pilots & Government Officials Go On the Record.pdf",26.33,M
"UFOs- Generals, Pilots & Government Officials Go On the Record/Leslie Kean on the Colbert Report - August 23rd 2010.avi",41.24,M
"UFOs- Generals, Pilots & Government Officials Go On the Record/Michio Kaku Goes On the Record About UFOs - MSNBC.avi",25.49,M
"UFOs- Generals, Pilots & Government Officials Go On the Record/Torrent downloaded from Demonoid.com.txt",47,B
Are We Alone In The Universe.avi,379.6,M
Chemtrails - Mystery Lines In The Sky.mpg,269.95,M
David Hatcher Childress - Extraterrestrial Archaeology.avi,413.05,M
David Talbott - Symbols of an Alien Sky.avi,474.64,M
Lucky Larry Silverstein.docx,169.14,K
Need a Seed Box.txt,561,B
The Journey.docx,38.27,K
Torrent downloaded from AhaShare.com.txt,59,B
Torrent downloaded from Conspiracyhub.com.txt,47,B
Torrent downloaded from Demonoid.com.txt,47,B
UFO - The Best UFO Cases Ever Caught On Tape [villain4ever].avi,449.3,M
UFO - The Greatest Story Ever Denied - 2006.avi,323.76,M
UFO - The Secret -  Evidence We Are Not Alone - [villain4ever].avi,504.79,M
"UFOs Under Investigation - UFOs, Culture And Media.avi",349.17,M
